Cacajao_Frag1	CCCAGTACAGCCCATTCACC	AAAGCGGATAGGGCTCCTGTA	7700	9000
Cacajao_Frag2	GCCACTGTGCTTGTAGGACTT	AAGCTAATGGAAAGGCTGGGAC	7700	9000
T-maccoyii_Frag1	TCTCGGCTTTTGCGCGTTA	CTCCAAGTGCTAAGGGTCGG	7700	9000
T-maccoyii_Frag2	AACCTTGAAACTGACCATGACAC	ATCACTGCTGAGTTCCCTTGAG	7700	9000
Lep	ATTCAACCAATCATAAAGATATTGG	TAAACTTCTGGATGTCCAAAAAATCA	450	950
HCO-LCO	TAAACTTCAGGGTGACCAAAAAATCA	GGTCAACAAATCATAAAGATATTGG	450	950
Fish-BCH-BCL	ACTTCYGGGTGRCCRAARAATCA	TCAACYAATCAYAAAGATATYGGCAC	450	950
dg-HCO-LCO	TAAACTTCAGGGTGACCAAARAAYCA	GGTCAACAAATCATAAAGAYATYGG	450	950
CrustD	GGTCWACAAAYCATAAAGAYATTGG	TAAACYTCAGGRTGACCRAARAAYCA	450	950
FF2d-FR1d	TTCTCCACCAACCACAARGAYATYGG	CACCTCAGGGTGTCCGAARAAYCARAA	450	950
16S27F-16SR1495	AGAGTTTGATCMTGGCTCAG	TACGGYTACCTTGTTACGACTT	1300	1750
barcoded_CrustDF1	TCGAATCAGCACGGGTCWACAAAYCATAAAGAYATTGG	GCGGATAATAGCATAAACYTCAGGRTGACCRAARAAYCA	450	950
barcoded_dgHCO-2198	CAGGCACGATGACTAAACTTCAGGGTGACCAAARAAYCA	GGCATAGGAATAGGGTCAACAAATCATAAAGAYATYGG	450	950
barcoded_Fish-BCH	TCTCACAGACGTAACTTCYGGGTGRCCRAARAATCA	TTTCGGTAGGCACTCAACYAATCAYAAAGATATYGGCAC	450	950
