BAC-1.2	BAC1	ACGAG	CTAGC
BAC-1.3	BAC1	ACGAG	TGAGA
BAC-1.4	BAC1	ACGAG	TGACA
BAC-1.5	BAC1	ACGAG	CTGAC
BAC-1.6	BAC1	ACGAG	AGCTA
BAC-1.8	BAC1	ACGAG	TCTAC
BAC-1.9	BAC1	ACGAG	ATGAC
BAC-1.10	BAC1	ACGAG	AGATG
BAC-1.11	BAC1	TCGAC	TAGCA
BAC-1.12	BAC1	TCGAC	CTAGC
BAC-1.13	BAC1	TCGAC	TGAGA
BAC-1.14	BAC1	TCGAC	TGACA
BAC-1.16	BAC1	TCGAC	AGCTA
BAC-1.17	BAC1	TCGAC	AGACA
BAC-1.19	BAC1	TCGAC	ATGAC
BAC-1.20	BAC1	TCGAC	AGATG
BAC-1.21	BAC1	AGCAG	TAGCA
BAC-1.22	BAC1	AGCAG	CTAGC
BAC-1.23	BAC1	AGCAG	TGAGA
BAC-1.24	BAC1	AGCAG	TGACA
BAC-1.25	BAC1	AGCAG	CTGAC
BAC-1.26	BAC1	AGCAG	AGCTA
BAC-1.28	BAC1	AGCAG	TCTAC
BAC-1.29	BAC1	AGCAG	ATGAC
BAC-1.31	BAC1	CACAG	TAGCA
BAC-1.32	BAC1	CACAG	CTAGC
BAC-1.33	BAC1	CACAG	TGAGA
BAC-1.36	BAC1	CACAG	AGCTA
BAC-1.37	BAC1	CACAG	AGACA
BAC-1.38	BAC1	CACAG	TCTAC
BAC-1.40	BAC1	CACAG	AGATG
BAC-1.41	BAC1	GTGAG	TAGCA
BAC-1.42	BAC1	GTGAG	CTAGC
BAC-1.45	BAC1	GTGAG	CTGAC
BAC-1.46	BAC1	GTGAG	AGCTA
BAC-1.51	BAC1	GCTAC	TAGCA
BAC-1.52	BAC1	GCTAC	CTAGC